c62f1dd9de5419bebe55a0dc9514cb3688a2c52762eaef41f927d4b2676a9bd8,TC6gkqorMaveTmbx4Arbc2ri4HVbEj7HUV
71b0ffe140d1443df6450b4a97b368859ee860fe3758aafcccd0e51a3a035603,TNeP2jarhGQZA8hiVy8DLSWdUNxvA6KVNp
30e0f261bb4073e215ff08b83ed7a26db9dd82d011aa234d613e6717e0a98112,TQmZ5eye7bTq8JWDFiqYY4eBJugLvhLHST
1f98cd3e0a95db431902dc784ca12d4a8ed26833a2fefca59b454c0cdaeff153,TCr98F3HKhSnQcQPkjmao6t5LHDpcFgScU
b89d9ec83ee03a754d243d79608c46f0a2ed8c53a5f1f0009e1dcfa52ccdeaff,TP3tSCaYh7BeyDmsRh8D64XVm5U4SC8WHJ
a6fe4e6282545944ab8bdcd89de12e26fb1901832a3f1d11b5ddfe8dde72520f,TSGmDqSovUSd8f3CHBoDMdkFkp4BkKPFE7
7cde60e1675f20312cf117434d36a53fd7fd98abb1a62b30739cf106113d7ae0,TLArKvfHz9SikTtREQdA57YVM3C25mJVDw
2053da1a0b05cd1b80e14856ead1442ffa0a0e349ad6a00918c6acd779f7abf6,TRoKw4vAKb6VDfEy2mxzWcL25NiaFpCdq7
49ebbc9f4d6d6af16d743b9e1e47e44119092252a69496308b45c6300ed88d5e,TCNnyXrmYXfNxrbB7xrDVGpSBZ5DJ5y1jy
03e0b262e33170b9be49d0319cd09b22ef8a727bccca65a6345b4468bfca3730,TVgcKUaQiiD96p3ovR9VxAgSYL3YRf63q5
64c20f0e4fc528cad278c9857a13d3d29650be710de1758c9c22cf484b3657e6,TVBVpx491BmrjKESzEHdfzSAJzVmovt6aU
4f59f119cb74241c97dc8c7c5bbf895b55eda48912fd77b2b506db427a74b170,TSBAZm62C46iN31kL3G1JnxYxFVG83s43g
37c1ccb4dbb6238219a1c57b72b2b4fbef06afffc906ab71dd1e22c0544a7134,TNJdmHF8aH3nKM2N68ggg6WqZ7tbtg3Mhd
9274c38fcf85176b70fcb0bbc962db9b240b5e10a8998f132acab8986200de2e,TXqs4fCeZwNZzMGe6j9h648RCt8Mfbm7mH
5f8ce91238be6dc27dd9755984a923831b7d0df08662c03a7b71cfa897073022,TT3357y11r9RjsDAm53nBv3WidMeThKBzj
b5960596ce0598f465f52173085283a895402b62695de0cd2adedddcda5fc568,TB2w6ws1DCNZmZ4tjnWjqHxFTsT1QxeFck
3abedb2bdfa8453fdd0a22d44eaccc9c59ba42a1077acd5c26bdd3274fa6b95d,TWvCTAEoBSWvqa9ecG4QVHSPawFFzaj9Tg
ba6f0fc7a427a2e260508ccf6343a52ebe3d46137e9d1a620aa7d54b27146b35,TMWbtLJ5Ub9jjrhzsuFBt2sMMcfJ2qvR9o
df00a34920dcf3bcc829c1920955c20ed3c820d565ac7c9f3748cf1f4e572850,TM6imAwKhM9dzLxKeHq21iL8ebZSi9Yr6a
8d169b0ce80d86bab5851b0fd3cdd99dd61b0894cb9774c7f3fb702c08826add,TR3PqyZkK7MyzNQVVJfxe5ucaqVxWs3naE
57608cf4e1afbf5a258af376dc5f57d6dbe8966b019a22bb36c015cdd79ebfe2,TYws9FTXbyQPsZHvcvvLpZd49ceSHVYwAZ
1cf24290beaa818a561c4a91abdd16d3e574e00ec10c0e3921d7ba71c7dfbb54,TTPq8eK4gCnECMzvbCHLkg4k6HCWQvjC6J
56583b9fe2e09f860811bf7df50d29cbd0a029e48bfa1049d6402bbfa1097088,TGyb44x4HogdPVvwwwe7H1RtYB4fWFtWLd
11ad4544ed90fa0d68b294a67ade8bc115614f6d4ebc5353638d816b302186c2,TJdQyECp2HUSageREhntDkSs9zoiTr4h9m
0446545167e29bbb7881d5391966451f306a61dab33b110d3b2d25877f5353d2,TNVgWoKTeYGkfKhj5hthmtrKY3otDpQ49i
bc5495eedd23fb2e51d05ac24bf57f6f2b24689432aa181bb2da95f19eabb806,TL5BpDGD3MFJUsxHbkvWpDvrCwxiSZiCzT
306f3250d19cadbd45509c20c4d362d1f7047581cd60d27a5606bfe5455c7525,TXuepNtoYBabvaEgNkWGXNc4ZXWYgqVhXQ
429afcfa68b7ae91bb96a5292ba233881adbd6b77446c8b2ff3cc2f6e5d75cb0,TXz7jwnwRjJvJ93gFYZ5SeM5i281WgMjVS
e5cc0188c1c4ff8e52a85e8553ce3dc3dc2707a0cc815cedb7810004aeed0b63,TTtUrgF5Mj9boPkRNnuBuPMngezrCydBSi
e222b9c523304f6ac1209ecc521fbc4b8a178893d84afecc9d5525d89c62ab79,TDDpUynpWzhCDRPBfPaaJskn8YLhYV32aF
0a7b1a83733572e0f906141ffb0455ff7ffebad0ab219586488d0e2938864834,TH5Jj2KGQVcSEuYSiXJR4NHTPm9Q5wcBix
511688b78c9f0870fa8e5e37273856a086b40577117c3976cdb79396926720c5,TRM7q9RLyXa9Fm1NVJVgNFDKi9TirDzWtm
922faa05ab393a94c722aa73a25bede9006b08dd4fd722526db33a1084a7c374,TBqgBvRFQ3oW8sZSfKJEdL5bMjdFr9cwKW
d9f7eeb0e6c9c5c48063bae5473f5be0b79a57095755e154bc909bb1745dee26,TYBacyuEG5qkrzevqk6PjFmVVCLWfEnXZn
538d8f26cc422401b7823b0ba82542a9e392410280109fdd950667b152ee095d,TGdun2Er9TvKs8ftoNmmk5LM9t8eYcK6Ui
f8d7d6ddaf70ca10dc2943cffc8df63495ecb7e6e1954d617cea20498257c320,TPfwz7AW7eGooHW57nrSVkdbH8RirZewW7
ac6debe487a11216fe16da9d30b3fd86c2b5a465ea75ee5f0cd324bd16ee31d6,TZH89TfJPZJZR3S4NzHAv4MhL7meXaj4Vr
3e18610545f673e332f13c8b02749b125016eaa54dadb3304ee5470652c99b91,TJSheF1UBByrjoiznQQsPrwi18EHLYQvGC
c5158af225689ad8a989ec41a75fb27ce6b82358c4a5914519c0cd93376a703d,T9zqDKvrCAYe7zKRynYkVx6n2mvFfaHaNV
f495adbb9ae92e98d8c703d2faa1f3194e7c1d2ac92d0028f827215df3853062,TCvimmzoxTGv8KMqRykEyxtz9vFvcMocSY
dee6ea338ff4f96b1df55d739b0704f2f390fea289ff13fc5dfd668e7ddc1501,TDaLCThaJUfKGGUARPBfg1YfaCSV2xRuBj
09bca270aca1445ba4a7e9b950cfae1de41d15fd16f568ea83f25fb5cafee4b2,TT56XNRGZ8YDfa1s9CpZ7DYV44gh2pX4G5
4f0dfa9a5de9fc2e95d1d38cc57f741ecddb16af2c4d9d154c4ccf335a1d96e3,TWwWbQijNbquD5kR8AAGF8MX3zkNUVQNBJ
3e0c1a7920b0be9220c803eaea0b3a93e0e9754f2ca15ee0a78711a7d6d27ecd,TLxzKaqqr9szTLXVzbxAhpYyEHR7cSyEWM
37cb96fa023c28f657543865513d4883ba26329112080814e9f85527d78cc3c3,TChZLmGdDBDcY2xAuBLdEDhQSQ5r3U5f17
b5ad104e19701fe89cff00903c51fbadff63051a4822603f0845f1326af56ec5,TSzs74AFxM1c1Qd8JZTrZqTSRWz2NbA67C
036eb78b8444512b0c254b60d8a93dae4fa65c961445d73f9f35d27da423ba21,TYhMp6SmqHBpA8fneXWM84JabY7P99TyEX
0a6fc94ee99f97143be5b26abbf23eac42904fd89ecd85ff6b0abac078f044c9,TWta9kPcgCbEg4a5ZDvXujRc91fJhP1hvY
682500692161e7b66f4486c3964e78a1ac0085f3e33403b00061baac4503a160,TAfkuRaiGUQKnP6WyRUeCuwU9pfKgB7AcG
f3304dccadb54ea88a21571f009bbd06b84076d6065302a7810f1e78a06944e5,TLqFoWyHnF3SPtQ2CLjpnHkjiryVtbbJ8B
